Mois,Région,Rayonnement solaire global (W/m2),Vitesse du vent à 100m (m/s)
2016-01,Auvergne-Rhône-Alpes,54.62655870445344,2.973481781376517
2016-01,Bourgogne-Franche-Comté,44.291700404858304,5.730607287449392
2016-01,Bretagne,40.70372469635627,10.414089068825914
2016-01,Centre-Val de Loire,40.52761133603239,7.46696356275303
2016-01,Corse,76.96182186234822,5.793238866396762
2016-01,Grand-Est,38.77643724696355,6.13085020242915
2016-01,Hauts-de-France,37.96080971659918,8.295263157894734
2016-01,Ile-de-France,38.8795951417004,7.882550607287437
2016-01,Normandie,39.35170040485833,9.475425101214572
2016-01,Nouvelle-Aquitaine,52.32834008097168,6.082631578947369
2016-01,Occitanie,61.39161943319834,5.403724696356275
2016-01,Pays de la Loire,45.072064777327874,9.007368421052632
2016-01,Provence-Alpes-Côte d'Azur,72.25230769230768,5.983927125506073
2016-02,Auvergne-Rhône-Alpes,79.16133620689654,3.8069396551724184
2016-02,Bourgogne-Franche-Comté,66.48594827586207,6.5272413793103485
2016-02,Bretagne,74.72331896551718,9.946336206896554
2016-02,Centre-Val de Loire,75.904224137931,8.091810344827588
2016-02,Corse,110.70771551724135,6.277801724137932
2016-02,Grand-Est,65.88374999999994,6.926637931034482
2016-02,Hauts-de-France,68.0751293103448,8.39275862068965
2016-02,Ile-de-France,74.54866379310347,8.113793103448277
2016-02,Normandie,73.145948275862,9.29827586206897
2016-02,Nouvelle-Aquitaine,86.8653879310344,6.508232758620694
2016-02,Occitanie,99.47336206896549,7.578663793103442
2016-02,Pays de la Loire,86.44607758620685,9.242543103448277
2016-02,Provence-Alpes-Côte d'Azur,108.40974137931038,6.90211206896551
2016-03,Auvergne-Rhône-Alpes,148.13169172932334,3.846390977443607
2016-03,Bourgogne-Franche-Comté,135.5443396226414,5.854037735849058
2016-03,Bretagne,136.52954887218038,8.543834586466165
2016-03,Centre-Val de Loire,125.79432330827065,7.030714285714287
2016-03,Corse,181.27161654135352,5.987857142857146
2016-03,Grand-Est,118.70631578947368,5.711842105263161
2016-03,Hauts-de-France,120.33684210526316,7.107969924812033
2016-03,Ile-de-France,117.1826691729323,7.011127819548873
2016-03,Normandie,128.51515037593978,7.560563909774432
2016-03,Nouvelle-Aquitaine,139.08381132075473,5.62867924528302
2016-03,Occitanie,151.6080827067669,7.562894736842104
2016-03,Pays de la Loire,136.4586466165413,8.21992481203008
2016-03,Provence-Alpes-Côte d'Azur,180.42676691729335,6.127593984962404
2016-04,Auvergne-Rhône-Alpes,195.06150000000005,3.8092083333333315
2016-04,Bourgogne-Franche-Comté,177.67191666666668,4.816124999999998
2016-04,Bretagne,201.1447916666668,7.018499999999995
2016-04,Centre-Val de Loire,180.30816666666655,5.458416666666662
2016-04,Corse,235.77270833333333,5.225458333333333
2016-04,Grand-Est,183.41312499999998,4.496041666666668
2016-04,Hauts-de-France,194.43054166666676,5.899958333333332
2016-04,Ile-de-France,187.56324999999998,5.597291666666666
2016-04,Normandie,197.2394583333332,6.259999999999995
2016-04,Nouvelle-Aquitaine,194.5390833333333,4.914500000000004
2016-04,Occitanie,205.9064999999999,7.592666666666665
2016-04,Pays de la Loire,197.8592916666666,6.427416666666663
2016-04,Provence-Alpes-Côte d'Azur,237.38662500000024,6.171999999999995
2016-05,Auvergne-Rhône-Alpes,227.34770161290314,3.6102016129032255
2016-05,Bourgogne-Franche-Comté,205.90987903225806,4.870564516129033
2016-05,Bretagne,232.3571774193548,6.346209677419353
2016-05,Centre-Val de Loire,199.96766129032252,5.669677419354836
2016-05,Corse,277.77620967741944,5.5702419354838675
2016-05,Grand-Est,206.47100806451604,4.349838709677419
2016-05,Hauts-de-France,213.51479838709673,5.703508064516125
2016-05,Ile-de-France,199.88883064516136,5.518508064516127
2016-05,Normandie,231.61193548387092,6.180443548387097
2016-05,Nouvelle-Aquitaine,225.81737903225806,5.257943548387095
2016-05,Occitanie,239.38374999999988,7.245161290322583
2016-05,Pays de la Loire,223.46616935483866,6.191370967741942
2016-05,Provence-Alpes-Côte d'Azur,278.2189516129033,6.716250000000003
2016-06,Auvergne-Rhône-Alpes,235.69783333333345,2.9450416666666652
2016-06,Bourgogne-Franche-Comté,207.50849999999997,4.004041666666669
2016-06,Bretagne,222.37591666666665,5.882583333333331
2016-06,Centre-Val de Loire,192.49212500000002,4.995291666666661
2016-06,Corse,295.9650833333333,3.9415416666666667
2016-06,Grand-Est,203.04654166666663,3.8613750000000002
2016-06,Hauts-de-France,202.69808333333347,5.070458333333333
2016-06,Ile-de-France,188.93137499999992,4.831374999999995
2016-06,Normandie,215.2956666666667,5.410208333333336
2016-06,Nouvelle-Aquitaine,233.64904166666673,4.48316666666667
2016-06,Occitanie,258.45250000000004,6.323333333333333
2016-06,Pays de la Loire,218.94666666666672,5.588958333333334
2016-06,Provence-Alpes-Côte d'Azur,289.631375,4.939749999999999
2016-07,Auvergne-Rhône-Alpes,271.65395161290337,3.311169354838709
2016-07,Bourgogne-Franche-Comté,252.8374999999999,3.7962499999999983
2016-07,Bretagne,250.17665322580632,5.676733870967745
2016-07,Centre-Val de Loire,249.61875000000003,4.502217741935485
2016-07,Corse,301.56205645161276,3.5470161290322566
2016-07,Grand-Est,236.3792338709678,3.524798387096775
2016-07,Hauts-de-France,235.85649193548377,4.834919354838708
2016-07,Ile-de-France,228.00217741935492,4.512056451612905
2016-07,Normandie,248.26854838709653,5.175645161290318
2016-07,Nouvelle-Aquitaine,272.3120967741937,3.981572580645161
2016-07,Occitanie,280.62342741935475,6.397298387096777
2016-07,Pays de la Loire,258.6544354838711,5.378427419354839
2016-07,Provence-Alpes-Côte d'Azur,304.25770161290313,4.397741935483873
2016-08,Auvergne-Rhône-Alpes,248.688508064516,3.2071370967741935
2016-08,Bourgogne-Franche-Comté,228.31459677419355,3.7150806451612914
2016-08,Bretagne,222.1400806451613,5.981693548387095
2016-08,Centre-Val de Loire,231.725,4.538467741935478
2016-08,Corse,269.15157258064494,3.733790322580646
2016-08,Grand-Est,213.43826612903226,3.635483870967744
2016-08,Hauts-de-France,207.0796370967742,5.185241935483872
2016-08,Ile-de-France,213.3148790322579,4.780362903225803
2016-08,Normandie,218.90536290322572,5.58778225806452
2016-08,Nouvelle-Aquitaine,249.58173387096787,4.045806451612905
2016-08,Occitanie,259.8754032258064,5.9018548387096805
2016-08,Pays de la Loire,239.52608870967742,5.4654838709677405
2016-08,Provence-Alpes-Côte d'Azur,267.52278225806447,3.9491532258064517
2016-09,Auvergne-Rhône-Alpes,174.70004166666675,3.134958333333334
2016-09,Bourgogne-Franche-Comté,163.59579166666657,4.12925
2016-09,Bretagne,149.88329166666665,5.69583333333333
2016-09,Centre-Val de Loire,154.32137499999996,4.317749999999999
2016-09,Corse,196.42470833333334,3.6777499999999965
2016-09,Grand-Est,161.34941666666657,3.751458333333334
2016-09,Hauts-de-France,144.87783333333329,4.908333333333336
2016-09,Ile-de-France,145.6577499999999,4.669041666666663
2016-09,Normandie,145.27079166666664,5.393666666666666
2016-09,Nouvelle-Aquitaine,179.62070833333328,4.009624999999998
2016-09,Occitanie,192.08475000000004,6.283041666666665
2016-09,Pays de la Loire,159.6210416666667,4.9815000000000005
2016-09,Provence-Alpes-Côte d'Azur,196.79129166666664,3.642666666666666
2016-10,Auvergne-Rhône-Alpes,114.7483467741935,3.2842338709677406
2016-10,Bourgogne-Franche-Comté,108.1136290322581,4.500000000000002
2016-10,Bretagne,111.63338709677416,5.91806451612903
2016-10,Centre-Val de Loire,110.37548387096761,5.206532258064515
2016-10,Corse,133.99959677419358,4.358870967741937
2016-10,Grand-Est,96.14620967741932,4.366370967741935
2016-10,Hauts-de-France,95.24330645161294,5.144556451612901
2016-10,Ile-de-France,101.1264919354839,5.004072580645158
2016-10,Normandie,102.88322580645163,5.54516129032258
2016-10,Nouvelle-Aquitaine,124.12915322580642,3.9717338709677414
2016-10,Occitanie,126.37201612903219,5.90266129032258
2016-10,Pays de la Loire,111.77830645161292,5.706895161290323
2016-10,Provence-Alpes-Côte d'Azur,127.47681451612898,4.783669354838707
2016-11,Auvergne-Rhône-Alpes,63.64841666666669,3.4857916666666684
2016-11,Bourgogne-Franche-Comté,50.85933333333331,5.305999999999998
2016-11,Bretagne,54.652041666666705,8.194166666666671
2016-11,Centre-Val de Loire,50.992166666666655,6.567083333333328
2016-11,Corse,88.43533333333332,5.8548749999999945
2016-11,Grand-Est,46.47324999999999,5.073958333333331
2016-11,Hauts-de-France,45.90412500000001,6.755208333333335
2016-11,Ile-de-France,47.27862499999997,6.471416666666668
2016-11,Normandie,50.240166666666696,7.525749999999991
2016-11,Nouvelle-Aquitaine,66.44229166666668,5.0507083333333345
2016-11,Occitanie,73.30645833333331,6.631416666666672
2016-11,Pays de la Loire,60.15779166666669,7.711708333333338
2016-11,Provence-Alpes-Côte d'Azur,84.97024999999994,6.157708333333332
2016-12,Auvergne-Rhône-Alpes,63.726290322580645,2.831612903225807
2016-12,Bourgogne-Franche-Comté,49.72822580645164,3.5689516129032253
2016-12,Bretagne,41.00899193548388,6.437661290322579
2016-12,Centre-Val de Loire,44.423185483870974,4.657862903225808
2016-12,Corse,76.22451612903232,4.64532258064516
2016-12,Grand-Est,42.11838709677419,3.860040322580644
2016-12,Hauts-de-France,36.01633064516128,5.341048387096774
2016-12,Ile-de-France,40.32649193548388,4.863145161290324
2016-12,Normandie,39.491250000000015,5.874637096774193
2016-12,Nouvelle-Aquitaine,59.38383064516128,3.7722983870967735
2016-12,Occitanie,68.1761693548387,5.805161290322583
2016-12,Pays de la Loire,45.95955645161289,5.878508064516131
2016-12,Provence-Alpes-Côte d'Azur,74.59866935483875,5.435322580645157
2017-01,Auvergne-Rhône-Alpes,67.48233870967744,4.056774193548386
2017-01,Bourgogne-Franche-Comté,54.49342741935486,5.236330645161291
2017-01,Bretagne,48.443427419354826,7.360483870967734
2017-01,Centre-Val de Loire,50.05475806451615,6.017137096774186
2017-01,Corse,73.15407258064516,6.8093145161290325
2017-01,Grand-Est,47.27274193548387,5.053024193548387
2017-01,Hauts-de-France,41.70758064516128,6.272499999999999
2017-01,Ile-de-France,45.0932258064516,6.1229435483870915
2017-01,Normandie,45.567580645161286,6.825846774193544
2017-01,Nouvelle-Aquitaine,67.6415322580645,4.897903225806453
2017-01,Occitanie,73.94411290322581,8.191814516129032
2017-01,Pays de la Loire,55.49108870967739,7.09068548387097
2017-01,Provence-Alpes-Côte d'Azur,77.08318548387098,6.794838709677417
2017-02,Auvergne-Rhône-Alpes,99.4877232142857,3.526160714285715
2017-02,Bourgogne-Franche-Comté,82.03691964285717,5.252276785714286
2017-02,Bretagne,78.6154017857143,8.775535714285708
2017-02,Centre-Val de Loire,73.51808035714284,6.853794642857144
2017-02,Corse,115.87388392857136,5.646875000000001
2017-02,Grand-Est,68.9196428571429,5.365491071428573
2017-02,Hauts-de-France,58.85910714285716,7.226026785714287
2017-02,Ile-de-France,64.2091517857143,6.945178571428573
2017-02,Normandie,70.01294642857145,8.01830357142857
2017-02,Nouvelle-Aquitaine,93.81973214285709,5.476651785714288
2017-02,Occitanie,103.9086160714286,7.195267857142859
2017-02,Pays de la Loire,79.7119196428572,8.144642857142856
2017-02,Provence-Alpes-Côte d'Azur,109.89674107142852,6.462589285714288
2017-03,Auvergne-Rhône-Alpes,153.1729032258064,3.5660483870967727
2017-03,Bourgogne-Franche-Comté,133.06334677419352,5.275483870967738
2017-03,Bretagne,128.93786290322583,8.100201612903222
2017-03,Centre-Val de Loire,122.02512096774186,6.188467741935485
2017-03,Corse,192.8248387096774,5.052137096774197
2017-03,Grand-Est,128.66576612903216,5.290443548387098
2017-03,Hauts-de-France,119.44854838709678,6.839435483870969
2017-03,Ile-de-France,113.4192741935484,6.410685483870964
2017-03,Normandie,118.72661290322579,7.332379032258064
2017-03,Nouvelle-Aquitaine,143.05814516129035,5.233790322580645
2017-03,Occitanie,161.29520161290318,6.73217741935484
2017-03,Pays de la Loire,131.90157258064522,7.343588709677424
2017-03,Provence-Alpes-Côte d'Azur,179.18012096774189,5.627419354838711
2017-04,Auvergne-Rhône-Alpes,229.57604166666667,4.102708333333334
2017-04,Bourgogne-Franche-Comté,209.11716666666655,4.983250000000002
2017-04,Bretagne,224.6379583333333,6.134749999999999
2017-04,Centre-Val de Loire,216.05104166666652,5.227250000000002
2017-04,Corse,258.33545833333324,4.270666666666666
2017-04,Grand-Est,194.72199999999995,4.403374999999999
2017-04,Hauts-de-France,198.28345833333339,5.168333333333335
2017-04,Ile-de-France,198.25583333333344,5.020124999999998
2017-04,Normandie,215.087,5.44079166666667
2017-04,Nouvelle-Aquitaine,239.25212499999995,4.610500000000001
2017-04,Occitanie,244.96108333333314,7.264958333333331
2017-04,Pays de la Loire,223.98270833333325,6.183708333333334
2017-04,Provence-Alpes-Côte d'Azur,250.2016666666668,4.82533333333333
2017-05,Auvergne-Rhône-Alpes,249.32810483870966,3.182419354838709
2017-05,Bourgogne-Franche-Comté,239.2962903225806,4.54879032258065
2017-05,Bretagne,236.9839516129032,6.439153225806448
2017-05,Centre-Val de Loire,238.81697580645152,5.174919354838705
2017-05,Corse,287.0059677419352,4.169153225806452
2017-05,Grand-Est,236.00814516129043,4.023064516129032
2017-05,Hauts-de-France,226.65455645161282,5.383911290322581
2017-05,Ile-de-France,231.10036290322589,5.265645161290319
2017-05,Normandie,228.8003225806451,5.819879032258066
2017-05,Nouvelle-Aquitaine,251.7178629032258,4.663346774193548
2017-05,Occitanie,261.01649193548394,5.631693548387104
2017-05,Pays de la Loire,240.80399193548396,6.313991935483872
2017-05,Provence-Alpes-Côte d'Azur,277.01209677419354,4.698306451612901
2017-06,Auvergne-Rhône-Alpes,276.46533333333343,3.1525000000000007
2017-06,Bourgogne-Franche-Comté,273.6719166666666,4.416750000000004
2017-06,Bretagne,258.12925,6.412916666666665
2017-06,Centre-Val de Loire,273.5299999999999,5.2467916666666685
2017-06,Corse,303.79712500000005,3.657875
2017-06,Grand-Est,270.2342916666666,4.526458333333333
2017-06,Hauts-de-France,263.4687916666666,5.562083333333331
2017-06,Ile-de-France,267.67666666666673,5.181250000000002
2017-06,Normandie,266.89962499999996,6.001333333333335
2017-06,Nouvelle-Aquitaine,267.704375,4.615166666666666
2017-06,Occitanie,281.804875,5.774999999999997
2017-06,Pays de la Loire,278.1639166666666,6.049208333333327
2017-06,Provence-Alpes-Côte d'Azur,305.2720833333332,4.793333333333335
2017-07,Auvergne-Rhône-Alpes,255.09318548387088,3.2427822580645165
2017-07,Bourgogne-Franche-Comté,227.66536290322583,4.24883064516129
2017-07,Bretagne,229.1781048387097,6.756451612903229
2017-07,Centre-Val de Loire,216.70399193548383,5.38620967741936
2017-07,Corse,309.61383064516116,4.124838709677424
2017-07,Grand-Est,216.26294354838714,4.318951612903226
2017-07,Hauts-de-France,210.54391129032265,5.437580645161291
2017-07,Ile-de-France,203.8307661290322,5.285766129032252
2017-07,Normandie,220.9404435483871,5.990000000000003
2017-07,Nouvelle-Aquitaine,234.29560483870972,4.276854838709676
2017-07,Occitanie,261.12733870967736,6.254072580645155
2017-07,Pays de la Loire,228.15000000000018,6.426088709677424
2017-07,Provence-Alpes-Côte d'Azur,307.92693548387086,5.111935483870968
2017-08,Auvergne-Rhône-Alpes,231.2297983870966,3.2056451612903225
2017-08,Bourgogne-Franche-Comté,210.72552419354832,3.91467741935484
2017-08,Bretagne,203.3811290322582,5.972217741935483
2017-08,Centre-Val de Loire,203.3830241935484,4.595040322580642
2017-08,Corse,276.4734677419355,3.4445967741935477
2017-08,Grand-Est,191.55657258064517,3.7112096774193577
2017-08,Hauts-de-France,186.6674193548388,4.673508064516132
2017-08,Ile-de-France,189.93544354838707,4.451572580645159
2017-08,Normandie,196.31991935483862,5.269072580645159
2017-08,Nouvelle-Aquitaine,223.5274193548387,3.9652016129032246
2017-08,Occitanie,237.72850806451623,5.905201612903227
2017-08,Pays de la Loire,213.9865322580646,5.542137096774196
2017-08,Provence-Alpes-Côte d'Azur,263.2815725806452,4.146451612903227
2017-09,Auvergne-Rhône-Alpes,160.15470833333342,2.8648333333333356
2017-09,Bourgogne-Franche-Comté,143.99429166666658,4.111250000000001
2017-09,Bretagne,134.47199999999992,7.137041666666663
2017-09,Centre-Val de Loire,140.43224999999995,5.340499999999997
2017-09,Corse,202.33854166666669,4.358458333333334
2017-09,Grand-Est,139.77979166666657,4.4079583333333305
2017-09,Hauts-de-France,134.50175000000002,5.723874999999996
2017-09,Ile-de-France,133.5512916666667,5.428875000000001
2017-09,Normandie,133.62462500000004,6.39941666666667
2017-09,Nouvelle-Aquitaine,156.7452083333333,4.466916666666665
2017-09,Occitanie,169.97429166666655,6.000291666666668
2017-09,Pays de la Loire,144.083,6.193500000000001
2017-09,Provence-Alpes-Côte d'Azur,198.05645833333344,4.99270833333333
2017-10,Auvergne-Rhône-Alpes,123.18455645161286,3.251411290322579
2017-10,Bourgogne-Franche-Comté,103.08233870967743,4.519193548387096
2017-10,Bretagne,93.21322580645156,6.649314516129033
2017-10,Centre-Val de Loire,98.74552419354833,5.231532258064515
2017-10,Corse,151.72532258064516,3.882177419354841
2017-10,Grand-Est,92.69387096774189,4.811653225806455
2017-10,Hauts-de-France,83.93342741935483,6.323548387096772
2017-10,Ile-de-France,91.49883064516126,5.692701612903227
2017-10,Normandie,89.5726612903226,6.689516129032257
2017-10,Nouvelle-Aquitaine,117.01209677419355,4.330201612903227
2017-10,Occitanie,131.18951612903226,6.510322580645157
2017-10,Pays de la Loire,101.32181451612908,6.04391129032258
2017-10,Provence-Alpes-Côte d'Azur,150.38403225806445,4.545483870967742
2017-11,Auvergne-Rhône-Alpes,68.998125,3.8885833333333335
2017-11,Bourgogne-Franche-Comté,54.72087500000001,5.681583333333336
2017-11,Bretagne,55.341958333333345,7.2529166666666685
2017-11,Centre-Val de Loire,57.42712500000004,6.157541666666671
2017-11,Corse,89.71116666666668,5.1547083333333354
2017-11,Grand-Est,47.400041666666674,5.380208333333329
2017-11,Hauts-de-France,45.453916666666686,6.153875000000001
2017-11,Ile-de-France,51.08558333333335,6.038124999999997
2017-11,Normandie,49.2529166666667,7.22525
2017-11,Nouvelle-Aquitaine,76.57516666666668,4.765874999999997
2017-11,Occitanie,85.28637499999995,8.362875000000004
2017-11,Pays de la Loire,64.23720833333334,6.9816249999999975
2017-11,Provence-Alpes-Côte d'Azur,95.35425000000005,5.366
2017-12,Auvergne-Rhône-Alpes,44.78237903225807,3.794879032258065
2017-12,Bourgogne-Franche-Comté,33.711491935483885,6.357620967741935
2017-12,Bretagne,33.79040322580644,9.037782258064512
2017-12,Centre-Val de Loire,34.6467741935484,7.571693548387096
2017-12,Corse,65.5372983870968,6.196774193548384
2017-12,Grand-Est,29.491935483870957,6.70588709677419
2017-12,Hauts-de-France,27.524475806451626,7.92459677419355
2017-12,Ile-de-France,29.108427419354836,7.834193548387099
2017-12,Normandie,30.052661290322572,8.847338709677413
2017-12,Nouvelle-Aquitaine,46.35350806451612,5.963629032258062
2017-12,Occitanie,55.67298387096777,7.540846774193545
2017-12,Pays de la Loire,37.317338709677415,8.343467741935482
2017-12,Provence-Alpes-Côte d'Azur,65.67004032258062,6.688024193548388
2018-01,Auvergne-Rhône-Alpes,51.86639676113362,4.110931174089068
2018-01,Bourgogne-Franche-Comté,37.53514170040486,6.458421052631578
2018-01,Bretagne,37.74578947368421,10.18858299595142
2018-01,Centre-Val de Loire,33.535182186234834,7.821781376518216
2018-01,Corse,83.51817813765183,6.001174089068827
2018-01,Grand-Est,33.689433198380584,7.307773279352223
2018-01,Hauts-de-France,32.778663967611344,8.737085020242924
2018-01,Ile-de-France,31.412469635627538,8.021740890688262
2018-01,Normandie,36.197287449392725,9.533198380566802
2018-01,Nouvelle-Aquitaine,47.40384615384617,6.7276113360323855
2018-01,Occitanie,60.415060728744976,6.890161943319835
2018-01,Pays de la Loire,38.59514170040488,8.741619433198377
2018-01,Provence-Alpes-Côte d'Azur,77.26821862348181,7.925141700404857
2018-02,Auvergne-Rhône-Alpes,94.87267857142857,3.880044642857142
2018-02,Bourgogne-Franche-Comté,89.77142857142859,5.5772767857142815
2018-02,Bretagne,90.10941964285715,8.452321428571427
2018-02,Centre-Val de Loire,89.07415178571434,6.827410714285713
2018-02,Corse,98.17602678571427,5.123214285714283
2018-02,Grand-Est,91.07004464285725,6.059955357142855
2018-02,Hauts-de-France,87.83517857142859,7.323214285714284
2018-02,Ile-de-France,87.99571428571429,6.903080357142855
2018-02,Normandie,85.63370535714286,7.837991071428567
2018-02,Nouvelle-Aquitaine,94.16486607142852,5.6550892857142845
2018-02,Occitanie,102.81223214285714,6.200803571428573
2018-02,Pays de la Loire,91.63674107142856,7.674419642857138
2018-02,Provence-Alpes-Côte d'Azur,105.43218749999998,6.30433035714285
2018-03,Auvergne-Rhône-Alpes,130.19858870967744,4.150362903225807
2018-03,Bourgogne-Franche-Comté,112.80080645161289,5.711895161290325
2018-03,Bretagne,116.84891129032259,8.594717741935488
2018-03,Centre-Val de Loire,110.94685483870968,6.882822580645159
2018-03,Corse,156.40762096774182,6.105161290322582
2018-03,Grand-Est,105.64778225806458,6.128830645161294
2018-03,Hauts-de-France,97.46717741935483,7.276209677419355
2018-03,Ile-de-France,100.61830645161297,6.877741935483871
2018-03,Normandie,106.31903225806454,7.90270161290323
2018-03,Nouvelle-Aquitaine,130.32842741935485,6.96145161290323
2018-03,Occitanie,144.86032258064517,6.911653225806454
2018-03,Pays de la Loire,119.66879032258058,7.945564516129031
2018-03,Provence-Alpes-Côte d'Azur,157.5297177419354,7.6281048387096755
2018-04,Auvergne-Rhône-Alpes,211.59920833333322,3.8408333333333338
2018-04,Bourgogne-Franche-Comté,204.1727499999999,4.888874999999999
2018-04,Bretagne,188.6266666666666,6.582791666666671
2018-04,Centre-Val de Loire,183.19383333333346,5.533750000000002
2018-04,Corse,233.65962499999998,4.5400833333333335
2018-04,Grand-Est,201.15283333333355,5.194583333333336
2018-04,Hauts-de-France,175.69491666666661,6.209833333333331
2018-04,Ile-de-France,176.72033333333326,5.699708333333333
2018-04,Normandie,175.80974999999998,6.27725
2018-04,Nouvelle-Aquitaine,194.63524999999996,5.204791666666665
2018-04,Occitanie,207.7478333333334,5.943708333333331
2018-04,Pays de la Loire,183.14987499999995,5.8609583333333335
2018-04,Provence-Alpes-Côte d'Azur,218.12199999999996,6.335708333333331
2018-05,Auvergne-Rhône-Alpes,221.7316935483871,3.200322580645162
2018-05,Bourgogne-Franche-Comté,228.3536693548387,4.011330645161289
2018-05,Bretagne,248.8822983870968,5.86915322580645
2018-05,Centre-Val de Loire,244.77758064516118,4.91181451612903
2018-05,Corse,239.29737903225802,3.820967741935485
2018-05,Grand-Est,241.66999999999996,4.3791129032258045
2018-05,Hauts-de-France,248.23076612903222,5.474999999999999
2018-05,Ile-de-France,247.38512096774198,5.099395161290323
2018-05,Normandie,255.08104838709664,5.5054838709677405
2018-05,Nouvelle-Aquitaine,229.48891129032248,4.523467741935486
2018-05,Occitanie,223.8297177419355,5.470846774193549
2018-05,Pays de la Loire,249.22798387096762,5.477620967741936
2018-05,Provence-Alpes-Côte d'Azur,239.6402419354839,4.553266129032255
2018-06,Auvergne-Rhône-Alpes,273.3619166666667,3.5105000000000004
2018-06,Bourgogne-Franche-Comté,266.9209166666666,4.142708333333333
2018-06,Bretagne,265.78175000000016,5.706749999999996
2018-06,Centre-Val de Loire,255.28608333333338,4.890708333333334
2018-06,Corse,288.69258333333335,3.580249999999999
2018-06,Grand-Est,255.9813750000001,4.218958333333332
2018-06,Hauts-de-France,261.8838333333332,5.479499999999994
2018-06,Ile-de-France,244.50983333333326,4.819125
2018-06,Normandie,267.52804166666664,5.441666666666666
2018-06,Nouvelle-Aquitaine,257.39812499999994,4.404666666666665
2018-06,Occitanie,270.71970833333324,5.014708333333334
2018-06,Pays de la Loire,257.4394583333335,5.532208333333331
2018-06,Provence-Alpes-Côte d'Azur,280.1555833333335,4.47879166666667
2018-07,Auvergne-Rhône-Alpes,285.46713709677425,3.1272177419354836
2018-07,Bourgogne-Franche-Comté,273.0486290322581,3.614758064516131
2018-07,Bretagne,270.907177419355,5.1324193548387145
2018-07,Centre-Val de Loire,268.16266129032243,4.338911290322582
2018-07,Corse,307.15375,3.392016129032258
2018-07,Grand-Est,268.3179435483871,3.7681451612903243
2018-07,Hauts-de-France,270.71008064516127,4.73213709677419
2018-07,Ile-de-France,262.646370967742,4.400040322580645
2018-07,Normandie,274.0503629032257,4.6569758064516105
2018-07,Nouvelle-Aquitaine,274.371935483871,4.06967741935484
2018-07,Occitanie,286.2061693548387,4.740927419354836
2018-07,Pays de la Loire,266.3885887096774,5.038629032258066
2018-07,Provence-Alpes-Côte d'Azur,304.35653225806453,4.593790322580646
2018-08,Auvergne-Rhône-Alpes,244.55239583333332,3.4122916666666665
2018-08,Bourgogne-Franche-Comté,238.07663194444453,4.090486111111111
2018-08,Bretagne,227.0592361111111,5.535520833333334
2018-08,Centre-Val de Loire,239.48993055555553,4.719340277777778
2018-08,Corse,268.2311846689894,3.2947735191637615
2018-08,Grand-Est,231.68909722222224,4.257048611111112
2018-08,Hauts-de-France,221.87996527777773,5.3476041666666685
2018-08,Ile-de-France,229.31048611111115,4.843958333333337
2018-08,Normandie,225.70548611111104,5.33579861111111
2018-08,Nouvelle-Aquitaine,253.2141666666667,4.258715277777773
2018-08,Occitanie,253.18482638888887,4.9581944444444455
2018-08,Pays de la Loire,246.1792708333333,5.261805555555553
2018-08,Provence-Alpes-Côte d'Azur,259.1909375,4.285034722222222
2018-09,Auvergne-Rhône-Alpes,198.51270833333334,3.3664583333333336
2018-09,Bourgogne-Franche-Comté,186.64920833333332,4.215666666666666
2018-09,Bretagne,171.9015416666667,6.323791666666666
2018-09,Centre-Val de Loire,184.17083333333315,5.137958333333335
2018-09,Corse,205.57587500000005,3.6424583333333342
2018-09,Grand-Est,175.51312499999997,4.368291666666667
2018-09,Hauts-de-France,162.17837499999996,5.775499999999999
2018-09,Ile-de-France,174.76591666666667,5.136583333333336
2018-09,Normandie,168.362125,5.985999999999996
2018-09,Nouvelle-Aquitaine,201.7247083333331,4.235708333333332
2018-09,Occitanie,204.97008333333332,4.580208333333331
2018-09,Pays de la Loire,187.28900000000004,5.925541666666669
2018-09,Provence-Alpes-Côte d'Azur,207.91250000000005,4.525999999999999
2018-10,Auvergne-Rhône-Alpes,120.87931726907625,3.978112449799196
2018-10,Bourgogne-Franche-Comté,110.80208835341358,4.787590361445779
2018-10,Bretagne,106.75855421686742,7.127550200803207
2018-10,Centre-Val de Loire,111.26859437751003,5.907991967871491
2018-10,Corse,133.69983935742965,4.826224899598395
2018-10,Grand-Est,103.68907630522091,5.060602409638554
2018-10,Hauts-de-France,98.49052208835339,6.334658634538151
2018-10,Ile-de-France,101.22811244979921,5.939277108433735
2018-10,Normandie,101.2745381526104,6.685421686746991
2018-10,Nouvelle-Aquitaine,120.60144578313249,5.164096385542169
2018-10,Occitanie,120.3838955823292,6.2075100401606464
2018-10,Pays de la Loire,111.43228915662648,6.628313253012047
2018-10,Provence-Alpes-Côte d'Azur,125.39349397590355,6.288112449799199
2018-11,Auvergne-Rhône-Alpes,67.3267916666667,3.3917499999999996
2018-11,Bourgogne-Franche-Comté,62.74641666666671,4.926458333333329
2018-11,Bretagne,59.863666666666646,8.358458333333333
2018-11,Centre-Val de Loire,60.602916666666694,6.27220833333333
2018-11,Corse,84.51137500000002,4.586541666666666
2018-11,Grand-Est,57.45020833333337,5.474166666666667
2018-11,Hauts-de-France,53.12216666666671,7.127874999999994
2018-11,Ile-de-France,56.755124999999985,6.463499999999998
2018-11,Normandie,58.03595833333337,7.740291666666667
2018-11,Nouvelle-Aquitaine,71.3225833333333,5.710083333333338
2018-11,Occitanie,73.38916666666668,5.798208333333335
2018-11,Pays de la Loire,64.03941666666668,7.262375
2018-11,Provence-Alpes-Côte d'Azur,71.54254166666664,6.504958333333335
2018-12,Auvergne-Rhône-Alpes,47.3587096774194,3.999072580645162
2018-12,Bourgogne-Franche-Comté,35.06854838709678,6.317943548387095
2018-12,Bretagne,34.073185483870986,9.54443548387097
2018-12,Centre-Val de Loire,35.57915322580645,7.652620967741934
2018-12,Corse,71.67459677419357,5.335645161290322
2018-12,Grand-Est,30.71959677419356,6.917298387096779
2018-12,Hauts-de-France,28.97463709677421,8.36931451612903
2018-12,Ile-de-France,31.25544354838707,7.5039112903225815
2018-12,Normandie,31.52608870967742,9.275403225806452
2018-12,Nouvelle-Aquitaine,46.899233870967734,6.647983870967745
2018-12,Occitanie,60.01423387096777,5.842056451612906
2018-12,Pays de la Loire,36.85540322580647,8.268588709677422
2018-12,Provence-Alpes-Côte d'Azur,70.56205645161282,6.444032258064515
2019-01,Auvergne-Rhône-Alpes,58.58826612903228,4.6909274193548365
2019-01,Bourgogne-Franche-Comté,44.17685483870966,5.397782258064513
2019-01,Bretagne,46.773024193548416,7.40133064516129
2019-01,Centre-Val de Loire,44.90899193548385,6.1266532258064546
2019-01,Corse,83.47100806451616,4.755725806451613
2019-01,Grand-Est,40.07798387096773,5.953870967741937
2019-01,Hauts-de-France,38.499072580645176,7.125806451612907
2019-01,Ile-de-France,41.7838306451613,6.318911290322578
2019-01,Normandie,42.74733870967742,7.5345564516129
2019-01,Nouvelle-Aquitaine,56.35092741935488,5.752499999999999
2019-01,Occitanie,69.64866935483867,7.364879032258065
2019-01,Pays de la Loire,52.34290322580645,6.462298387096776
2019-01,Provence-Alpes-Côte d'Azur,85.74512096774195,7.4743548387096785
2019-02,Auvergne-Rhône-Alpes,116.31415178571426,3.741160714285715
2019-02,Bourgogne-Franche-Comté,101.04138392857145,5.268749999999996
2019-02,Bretagne,92.49571428571427,8.220892857142847
2019-02,Centre-Val de Loire,96.03660714285716,6.328392857142856
2019-02,Corse,135.08714285714277,4.59044642857143
2019-02,Grand-Est,93.57080357142856,5.828392857142861
2019-02,Hauts-de-France,86.52428571428568,7.20294642857143
2019-02,Ile-de-France,90.57254464285718,6.4601785714285755
2019-02,Normandie,91.61968750000003,7.782767857142856
2019-02,Nouvelle-Aquitaine,113.13437499999995,5.738705357142861
2019-02,Occitanie,123.40084821428563,5.312008928571426
2019-02,Pays de la Loire,99.72705357142856,7.102410714285719
2019-02,Provence-Alpes-Côte d'Azur,130.32437499999997,5.029285714285713
2019-03,Auvergne-Rhône-Alpes,156.33717741935484,4.5729435483870935
2019-03,Bourgogne-Franche-Comté,134.53512096774188,6.932822580645163
2019-03,Bretagne,138.80072580645157,9.486975806451607
2019-03,Centre-Val de Loire,138.24217741935485,7.999798387096771
2019-03,Corse,195.03822580645163,5.920564516129031
2019-03,Grand-Est,124.92657258064507,7.5593145161290325
2019-03,Hauts-de-France,117.65995967741937,8.71774193548388
2019-03,Ile-de-France,125.07794354838703,7.896532258064521
2019-03,Normandie,129.6470967741935,9.334274193548387
2019-03,Nouvelle-Aquitaine,158.22874999999996,6.949838709677421
2019-03,Occitanie,172.8595564516129,6.482540322580644
2019-03,Pays de la Loire,145.62891129032252,8.44834677419355
2019-03,Provence-Alpes-Côte d'Azur,197.20225806451612,6.747741935483867
2019-04,Auvergne-Rhône-Alpes,196.7705,3.9995000000000003
2019-04,Bourgogne-Franche-Comté,186.18670833333348,4.780541666666668
2019-04,Bretagne,183.32112500000002,7.096416666666661
2019-04,Centre-Val de Loire,190.85145833333345,5.6594166666666705
2019-04,Corse,227.93400000000008,4.414208333333337
2019-04,Grand-Est,183.79504166666666,5.226249999999996
2019-04,Hauts-de-France,190.05175000000003,6.225541666666666
2019-04,Ile-de-France,191.87795833333328,5.64191666666667
2019-04,Normandie,191.89937499999994,6.698374999999998
2019-04,Nouvelle-Aquitaine,191.0318750000001,5.696291666666669
2019-04,Occitanie,197.78800000000007,6.121125000000005
2019-04,Pays de la Loire,188.58462500000002,6.21766666666667
2019-04,Provence-Alpes-Côte d'Azur,215.609,6.205166666666661
2019-05,Auvergne-Rhône-Alpes,237.32229838709685,4.508508064516129
2019-05,Bourgogne-Franche-Comté,219.73088709677424,5.263991935483869
2019-05,Bretagne,238.53173387096783,6.5594354838709705
2019-05,Centre-Val de Loire,224.8021774193549,5.950685483870966
2019-05,Corse,262.75495967741944,4.834032258064516
2019-05,Grand-Est,216.28427419354867,5.2668145161290285
2019-05,Hauts-de-France,220.51145161290336,5.950201612903227
2019-05,Ile-de-France,218.85358870967747,5.640161290322583
2019-05,Normandie,237.933064516129,6.285645161290326
2019-05,Nouvelle-Aquitaine,234.82504032258046,5.752782258064513
2019-05,Occitanie,244.94080645161293,6.176411290322574
2019-05,Pays de la Loire,238.21245967741925,6.3620564516129035
2019-05,Provence-Alpes-Côte d'Azur,265.6106854838709,6.282580645161296
2019-06,Auvergne-Rhône-Alpes,289.54525,3.5134166666666666
2019-06,Bourgogne-Franche-Comté,276.6747916666667,4.3775
2019-06,Bretagne,247.28262500000008,6.183041666666665
2019-06,Centre-Val de Loire,259.16658333333334,5.356583333333334
2019-06,Corse,316.99791666666664,3.3803333333333336
2019-06,Grand-Est,274.13583333333344,4.679333333333334
2019-06,Hauts-de-France,253.78712499999986,5.9477916666666655
2019-06,Ile-de-France,252.73324999999994,5.359500000000001
2019-06,Normandie,252.82574999999997,6.074333333333334
2019-06,Nouvelle-Aquitaine,268.6529166666666,4.968208333333335
2019-06,Occitanie,291.5380833333333,4.931625
2019-06,Pays de la Loire,261.46195833333326,5.71020833333333
2019-06,Provence-Alpes-Côte d'Azur,314.4716666666665,4.903749999999998
2019-07,Auvergne-Rhône-Alpes,289.0894758064516,3.3834274193548377
2019-07,Bourgogne-Franche-Comté,278.3279435483871,4.2279838709677415
2019-07,Bretagne,283.8666532258063,5.940282258064515
2019-07,Centre-Val de Loire,282.44201612903237,5.139233870967745
2019-07,Corse,305.70266129032257,3.3747580645161293
2019-07,Grand-Est,276.05213709677423,4.401048387096775
2019-07,Hauts-de-France,265.9047580645164,5.187540322580646
2019-07,Ile-de-France,275.698508064516,4.911532258064516
2019-07,Normandie,280.5629435483871,5.458508064516125
2019-07,Nouvelle-Aquitaine,278.2245564516129,4.7182258064516125
2019-07,Occitanie,289.92455645161283,4.636814516129029
2019-07,Pays de la Loire,286.27415322580634,5.657580645161292
2019-07,Provence-Alpes-Côte d'Azur,306.3862500000002,4.582217741935489
2019-08,Auvergne-Rhône-Alpes,241.97205645161296,3.2745161290322553
2019-08,Bourgogne-Franche-Comté,228.72044354838727,4.071854838709679
2019-08,Bretagne,215.165685483871,6.328387096774196
2019-08,Centre-Val de Loire,225.30875,5.184153225806453
2019-08,Corse,268.702419354839,3.2090725806451603
2019-08,Grand-Est,220.23552419354831,4.434112903225803
2019-08,Hauts-de-France,210.27620967741936,5.878709677419356
2019-08,Ile-de-France,213.88052419354844,5.026451612903226
2019-08,Normandie,212.22274193548384,6.235645161290319
2019-08,Nouvelle-Aquitaine,233.09963709677402,4.35774193548387
2019-08,Occitanie,247.8924999999999,4.4523790322580625
2019-08,Pays de la Loire,219.78629032258067,5.61806451612903
2019-08,Provence-Alpes-Côte d'Azur,265.68520161290326,4.5893145161290345
2019-09,Auvergne-Rhône-Alpes,187.27404166666676,3.9452500000000033
2019-09,Bourgogne-Franche-Comté,174.0098750000001,4.8971666666666644
2019-09,Bretagne,161.509625,7.464625
2019-09,Centre-Val de Loire,171.20491666666658,6.005416666666668
2019-09,Corse,205.3978333333333,4.236625000000002
2019-09,Grand-Est,163.57979166666667,5.224041666666662
2019-09,Hauts-de-France,148.05416666666665,6.597999999999999
2019-09,Ile-de-France,160.07820833333338,5.851041666666669
2019-09,Normandie,154.00674999999995,7.142666666666668
2019-09,Nouvelle-Aquitaine,184.69733333333323,5.299291666666668
2019-09,Occitanie,194.90670833333328,5.545791666666667
2019-09,Pays de la Loire,172.4143749999999,6.813500000000001
2019-09,Provence-Alpes-Côte d'Azur,202.59666666666664,5.77325
2019-10,Auvergne-Rhône-Alpes,109.50120967741934,3.978669354838709
2019-10,Bourgogne-Franche-Comté,91.87826612903226,5.498104838709678
2019-10,Bretagne,90.09798387096774,8.360040322580645
2019-10,Centre-Val de Loire,89.37379032258069,6.757943548387092
2019-10,Corse,139.86649193548382,4.488104838709675
2019-10,Grand-Est,87.39778225806454,6.225040322580641
2019-10,Hauts-de-France,80.54499999999997,7.493991935483869
2019-10,Ile-de-France,84.27112903225806,6.832499999999993
2019-10,Normandie,83.92435483870965,8.207983870967743
2019-10,Nouvelle-Aquitaine,107.01588709677415,5.664516129032257
2019-10,Occitanie,120.92294354838708,5.674395161290326
2019-10,Pays de la Loire,93.93592741935485,7.084193548387097
2019-10,Provence-Alpes-Côte d'Azur,133.66745967741937,6.0652822580645145
2019-11,Auvergne-Rhône-Alpes,60.80129166666672,4.168583333333332
2019-11,Bourgogne-Franche-Comté,52.468125,5.5942083333333334
2019-11,Bretagne,51.120166666666655,9.329749999999999
2019-11,Centre-Val de Loire,50.64708333333332,6.997874999999998
2019-11,Corse,76.06925000000005,5.720333333333335
2019-11,Grand-Est,47.8974166666667,5.949541666666668
2019-11,Hauts-de-France,44.22554166666667,7.207624999999998
2019-11,Ile-de-France,46.77854166666665,6.803749999999998
2019-11,Normandie,48.560374999999986,8.207333333333331
2019-11,Nouvelle-Aquitaine,56.02787499999998,7.188458333333334
2019-11,Occitanie,70.46266666666666,6.283666666666662
2019-11,Pays de la Loire,54.26000000000002,7.959583333333334
2019-11,Provence-Alpes-Côte d'Azur,75.22579166666668,6.6389999999999985
2019-12,Auvergne-Rhône-Alpes,51.556572580645174,4.51407258064516
2019-12,Bourgogne-Franche-Comté,40.984435483870975,6.622258064516129
2019-12,Bretagne,40.19153225806452,9.94891129032258
2019-12,Centre-Val de Loire,41.26375000000001,7.819153225806455
2019-12,Corse,73.07850806451611,6.63491935483871
2019-12,Grand-Est,36.418911290322576,7.304274193548392
2019-12,Hauts-de-France,32.42290322580647,8.704153225806452
2019-12,Ile-de-France,36.1741129032258,7.857822580645165
2019-12,Normandie,37.0870564516129,9.636532258064513
2019-12,Nouvelle-Aquitaine,51.870604838709674,7.541169354838706
2019-12,Occitanie,62.442943548387085,6.525927419354839
2019-12,Pays de la Loire,42.93959677419356,8.515322580645165
2019-12,Provence-Alpes-Côte d'Azur,68.10661290322578,7.11310483870968
2020-01,Auvergne-Rhône-Alpes,68.23104838709676,3.8587903225806457
2020-01,Bourgogne-Franche-Comté,55.998790322580625,5.661733870967742
2020-01,Bretagne,45.820443548387104,9.188750000000008
2020-01,Centre-Val de Loire,50.656653225806444,7.160362903225807
2020-01,Corse,85.0181048387097,4.216451612903226
2020-01,Grand-Est,48.51399193548384,6.422137096774196
2020-01,Hauts-de-France,38.19193548387099,8.047338709677419
2020-01,Ile-de-France,43.3575,7.178588709677422
2020-01,Normandie,43.293387096774204,8.707540322580648
2020-01,Nouvelle-Aquitaine,65.06411290322585,6.2272983870967735
2020-01,Occitanie,70.88572580645162,5.420201612903228
2020-01,Pays de la Loire,49.547096774193555,8.086129032258068
2020-01,Provence-Alpes-Côte d'Azur,76.93137096774197,5.591854838709673
2020-02,Auvergne-Rhône-Alpes,99.76655172413797,4.5004741379310325
2020-02,Bourgogne-Franche-Comté,80.18181034482757,7.321163793103446
2020-02,Bretagne,72.90224137931034,11.157456896551722
2020-02,Centre-Val de Loire,79.45219827586207,8.793405172413799
2020-02,Corse,138.76806034482755,5.599870689655171
2020-02,Grand-Est,71.13749999999999,8.580344827586206
2020-02,Hauts-de-France,64.86323275862068,10.785560344827598
2020-02,Ile-de-France,69.86508620689654,9.186896551724143
2020-02,Normandie,69.27909482758618,11.315129310344819
2020-02,Nouvelle-Aquitaine,99.73422413793097,6.567672413793104
2020-02,Occitanie,115.92603448275864,5.775215517241383
2020-02,Pays de la Loire,80.74103448275861,9.350000000000007
2020-02,Provence-Alpes-Côte d'Azur,132.18702586206894,6.612629310344828
2020-03,Auvergne-Rhône-Alpes,150.96419354838704,3.6570967741935485
2020-03,Bourgogne-Franche-Comté,137.62697580645164,5.710524193548387
2020-03,Bretagne,140.53887096774187,8.896612903225803
2020-03,Centre-Val de Loire,131.9783064516129,6.9670564516129065
2020-03,Corse,170.75370967741938,5.405766129032257
2020-03,Grand-Est,132.86245967741925,6.592217741935484
2020-03,Hauts-de-France,129.46125,8.208145161290322
2020-03,Ile-de-France,128.4553629032258,7.294153225806452
2020-03,Normandie,133.7414919354838,8.669435483870966
2020-03,Nouvelle-Aquitaine,143.5690725806453,5.833991935483867
2020-03,Occitanie,152.16854838709676,6.3133467741935485
2020-03,Pays de la Loire,141.9870161290322,7.818225806451613
2020-03,Provence-Alpes-Côte d'Azur,169.80754032258062,6.3109677419354835
2020-04,Auvergne-Rhône-Alpes,225.4571666666666,3.066875
2020-04,Bourgogne-Franche-Comté,228.08270833333327,4.393333333333336
2020-04,Bretagne,209.85162499999987,6.206249999999999
2020-04,Centre-Val de Loire,214.95824999999994,4.9289166666666695
2020-04,Corse,233.98675000000006,4.450083333333334
2020-04,Grand-Est,226.2042083333335,4.6122499999999995
2020-04,Hauts-de-France,210.02495833333322,5.622333333333333
2020-04,Ile-de-France,212.61879166666665,5.1531666666666665
2020-04,Normandie,209.82762499999993,5.8935833333333365
2020-04,Nouvelle-Aquitaine,202.9979583333333,4.693083333333336
2020-04,Occitanie,203.5466666666667,5.3347916666666695
2020-04,Pays de la Loire,210.95725,5.805625000000001
2020-04,Provence-Alpes-Côte d'Azur,228.51441666666673,5.0214583333333325
2020-05,Auvergne-Rhône-Alpes,253.05241935483866,3.574556451612902
2020-05,Bourgogne-Franche-Comté,250.1717741935485,4.869798387096774
2020-05,Bretagne,271.7840725806454,6.434112903225809
2020-05,Centre-Val de Loire,255.6622177419356,5.728830645161294
2020-05,Corse,279.14076612903204,4.8398387096774185
2020-05,Grand-Est,252.1402822580644,4.918225806451611
2020-05,Hauts-de-France,265.11580645161285,6.013346774193548
2020-05,Ile-de-France,255.6949193548388,5.523870967741933
2020-05,Normandie,268.46508064516127,6.227217741935479
2020-05,Nouvelle-Aquitaine,256.8690322580645,5.027217741935486
2020-05,Occitanie,256.11786290322596,5.53899193548387
2020-05,Pays de la Loire,266.85370967741943,6.3592338709677465
2020-05,Provence-Alpes-Côte d'Azur,270.19923387096776,5.440241935483875
2020-06,Auvergne-Rhône-Alpes,256.22141666666676,3.331041666666666
2020-06,Bourgogne-Franche-Comté,247.53775000000005,4.21625
2020-06,Bretagne,255.06887500000005,6.361458333333335
2020-06,Centre-Val de Loire,245.34358333333338,5.212666666666665
2020-06,Corse,302.2435833333331,4.670250000000002
2020-06,Grand-Est,246.97124999999997,4.468958333333334
2020-06,Hauts-de-France,248.51929166666676,5.542833333333337
2020-06,Ile-de-France,243.78725,5.2552916666666665
2020-06,Normandie,253.6269583333333,5.888416666666666
2020-06,Nouvelle-Aquitaine,251.81145833333338,4.580916666666668
2020-06,Occitanie,264.1214166666666,5.812041666666665
2020-06,Pays de la Loire,248.10104166666662,5.966666666666663
2020-06,Provence-Alpes-Côte d'Azur,297.0311666666669,6.355208333333334
2020-07,Auvergne-Rhône-Alpes,291.69036290322595,3.4545161290322586
2020-07,Bourgogne-Franche-Comté,281.57201612903225,4.038951612903223
2020-07,Bretagne,265.4897580645161,6.4668145161290305
2020-07,Centre-Val de Loire,277.8840322580648,5.19564516129032
2020-07,Corse,313.6775403225805,3.447137096774193
2020-07,Grand-Est,267.8392741935483,4.426774193548386
2020-07,Hauts-de-France,248.55528225806458,5.971854838709677
2020-07,Ile-de-France,260.50314516129026,5.378346774193547
2020-07,Normandie,263.5127822580644,6.244475806451618
2020-07,Nouvelle-Aquitaine,285.09262096774205,4.226330645161292
2020-07,Occitanie,294.8968548387097,5.604798387096771
2020-07,Pays de la Loire,279.62846774193554,5.878346774193552
2020-07,Provence-Alpes-Côte d'Azur,309.1421370967743,4.822459677419351
2020-08,Auvergne-Rhône-Alpes,242.9248387096774,3.3115725806451595
2020-08,Bourgogne-Franche-Comté,224.69290322580645,4.009435483870966
2020-08,Bretagne,213.54532258064518,5.9834677419354785
2020-08,Centre-Val de Loire,220.22455645161304,4.627258064516126
2020-08,Corse,271.8284677419355,3.9638709677419355
2020-08,Grand-Est,216.80568548387077,4.058104838709679
2020-08,Hauts-de-France,208.38544354838703,5.309395161290324
2020-08,Ile-de-France,211.81911290322586,4.7835080645161305
2020-08,Normandie,211.9679032258065,5.710725806451607
2020-08,Nouvelle-Aquitaine,232.90749999999997,4.166129032258064
2020-08,Occitanie,249.75008064516135,5.264677419354841
2020-08,Pays de la Loire,223.0427016129034,5.012016129032263
2020-08,Provence-Alpes-Côte d'Azur,271.4908467741934,4.959677419354843
2020-09,Auvergne-Rhône-Alpes,181.20137500000013,3.1664583333333334
2020-09,Bourgogne-Franche-Comté,172.29970833333314,4.2375
2020-09,Bretagne,157.8864583333333,5.859249999999999
2020-09,Centre-Val de Loire,167.3735416666667,4.9390833333333335
2020-09,Corse,195.9806666666667,3.7326666666666655
2020-09,Grand-Est,162.37066666666672,4.248791666666671
2020-09,Hauts-de-France,150.24575000000024,5.695124999999996
2020-09,Ile-de-France,158.45020833333336,5.115916666666667
2020-09,Normandie,154.32070833333333,5.77275
2020-09,Nouvelle-Aquitaine,182.58308333333324,4.832833333333335
2020-09,Occitanie,187.92883333333327,5.366291666666668
2020-09,Pays de la Loire,169.94658333333334,5.477541666666668
2020-09,Provence-Alpes-Côte d'Azur,193.60245833333332,4.739874999999998
2020-10,Auvergne-Rhône-Alpes,94.4112096774193,4.071814516129033
2020-10,Bourgogne-Franche-Comté,81.8220564516129,6.161774193548389
2020-10,Bretagne,86.23318548387093,9.278266129032254
2020-10,Centre-Val de Loire,83.76883064516132,7.3366935483871005
2020-10,Corse,134.91181451612903,5.270362903225805
2020-10,Grand-Est,79.07338709677416,6.596411290322583
2020-10,Hauts-de-France,78.4006451612903,7.866814516129032
2020-10,Ile-de-France,81.63766129032257,7.377016129032258
2020-10,Normandie,83.96310483870964,8.515887096774195
2020-10,Nouvelle-Aquitaine,96.32983870967736,6.6475806451612955
2020-10,Occitanie,105.96379032258058,6.741532258064518
2020-10,Pays de la Loire,92.83701612903216,7.948911290322579
2020-10,Provence-Alpes-Côte d'Azur,125.45326612903219,6.52197580645161
2020-11,Auvergne-Rhône-Alpes,80.08004166666669,3.1728333333333323
2020-11,Bourgogne-Franche-Comté,68.92433333333337,4.623374999999997
2020-11,Bretagne,57.835916666666655,8.238333333333333
2020-11,Centre-Val de Loire,65.37979166666666,5.768791666666663
2020-11,Corse,96.39487500000003,4.187249999999998
2020-11,Grand-Est,60.19570833333335,5.058833333333338
2020-11,Hauts-de-France,50.33329166666668,6.896124999999999
2020-11,Ile-de-France,57.544500000000006,6.153083333333337
2020-11,Normandie,53.50562500000003,7.7397916666666635
2020-11,Nouvelle-Aquitaine,78.84041666666664,5.100791666666669
2020-11,Occitanie,83.26354166666667,5.75195833333333
2020-11,Pays de la Loire,63.97729166666669,6.79883333333333
2020-11,Provence-Alpes-Côte d'Azur,89.1032916666667,5.175041666666667
2020-12,Auvergne-Rhône-Alpes,43.40592741935487,3.756129032258062
2020-12,Bourgogne-Franche-Comté,33.36475806451613,5.633709677419356
2020-12,Bretagne,36.923387096774185,9.83971774193549
2020-12,Centre-Val de Loire,34.28629032258067,7.488548387096773
2020-12,Corse,64.51729838709674,4.939959677419354
2020-12,Grand-Est,28.976008064516147,6.161935483870974
2020-12,Hauts-de-France,28.562701612903226,7.896088709677422
2020-12,Ile-de-France,31.308991935483874,7.521733870967743
2020-12,Normandie,33.23758064516131,8.76661290322581
2020-12,Nouvelle-Aquitaine,43.86689516129034,7.2677419354838735
2020-12,Occitanie,51.20524193548386,6.4683870967741965
2020-12,Pays de la Loire,40.03641129032258,8.436491935483868
2020-12,Provence-Alpes-Côte d'Azur,60.549717741935474,6.2853629032258045
2021-01,Auvergne-Rhône-Alpes,51.321330645161325,3.8333064516129025
2021-01,Bourgogne-Franche-Comté,40.03278225806451,5.780645161290321
2021-01,Bretagne,42.2501612903226,7.987056451612899
2021-01,Centre-Val de Loire,40.860080645161304,6.5792338709677445
2021-01,Corse,76.86786290322586,5.769999999999999
2021-01,Grand Est,36.282388663967616,6.055465587044538
2021-01,Grand-Est,0.0,7.19
2021-01,Hauts-de-France,34.57177419354839,6.966088709677415
2021-01,Ile-de-France,0.0,7.38
2021-01,Normandie,37.93217741935485,7.497298387096772
2021-01,Nouvelle-Aquitaine,52.510806451612886,5.94935483870968
2021-01,Occitanie,64.93423387096773,6.699879032258066
2021-01,Pays de la Loire,45.31588709677422,7.237983870967744
2021-01,Provence-Alpes-Côte d'Azur,76.03713709677422,7.168024193548389
2021-01,Île-de-France,38.43955465587045,6.59995951417004
2021-02,Auvergne-Rhône-Alpes,103.47495535714286,3.655892857142857
2021-02,Bourgogne-Franche-Comté,92.83857142857144,5.6403125
2021-02,Bretagne,83.1980357142857,8.909508928571423
2021-02,Centre-Val de Loire,88.6698660714286,6.586160714285713
2021-02,Corse,129.26160714285706,5.791964285714282
2021-02,Grand Est,87.28178571428573,6.1320535714285755
2021-02,Hauts-de-France,79.5979017857143,7.380848214285708
2021-02,Normandie,80.04267857142857,8.136428571428574
2021-02,Nouvelle-Aquitaine,96.40209821428569,6.289464285714284
2021-02,Occitanie,103.37080357142858,6.550133928571429
2021-02,Pays de la Loire,88.55455357142856,7.771071428571429
2021-02,Provence-Alpes-Côte d'Azur,118.69633928571425,7.256473214285719
2021-02,Île-de-France,83.63160714285712,6.8735714285714264
2021-03,Auvergne-Rhône-Alpes,0.0,3.42
2021-03,Bourgogne-Franche-Comté,0.0,4.92
2021-03,Bretagne,0.0,7.2
2021-03,Centre-Val de Loire,0.0,5.9
2021-03,Corse,0.0,4.17
2021-03,Grand Est,0.0,5.61
2021-03,Hauts-de-France,0.0,6.56
2021-03,Normandie,0.0,6.93
2021-03,Nouvelle-Aquitaine,0.0,5.82
2021-03,Occitanie,0.0,6.74
2021-03,Pays de la Loire,0.0,7.15
2021-03,Provence-Alpes-Côte d'Azur,0.0,6.04
2021-03,Île-de-France,0.0,6.35
